{
"width": 0.8,
"height": 0.9,
"keys": {
"q":[0.04999999999999999,0.09999999999999998],
"w":[0.04999999999999999,0.18],
"e":[0.04999999999999999,0.26],
"r":[0.04999999999999999,0.33999999999999997],
"t":[0.04999999999999999,0.42000000000000004],
"y":[0.04999999999999999,0.5],
"u":[0.04999999999999999,0.58],
"i":[0.04999999999999999,0.6599999999999999],
"o":[0.04999999999999999,0.7400000000000001],
"p":[0.04999999999999999,0.8200000000000001],
"a":[0.35,0.11999999999999998],
"s":[0.35,0.19999999999999998],
"d":[0.35,0.28],
"f":[0.35,0.36],
"g":[0.35,0.44000000000000006],
"h":[0.35,0.52],
"j":[0.35,0.6],
"k":[0.35,0.6799999999999999],
"l":[0.35,0.7600000000000001],
"z":[0.6499999999999999,0.16499999999999998],
"x":[0.6499999999999999,0.245],
"c":[0.6499999999999999,0.325],
"v":[0.6499999999999999,0.40499999999999997],
"b":[0.6499999999999999,0.48500000000000004],
"n":[0.6499999999999999,0.565],
"m":[0.6499999999999999,0.645]
}
}
